timeStamp,elapsed,label,responseCode,responseMessage,threadName,dataType,success,failureMessage,bytes,sentBytes,grpThreads,allThreads,URL,Latency,IdleTime,Connect
1687351805789,94,/get_method,200,OK,Thread Group_50 1-6,text,true,,186,149,11,11,http://5.75.203.123:5005/get_method?name=Lily&age=33,93,0,43
1687351805789,95,/get_method,200,OK,Thread Group_50 1-1,text,true,,186,149,11,11,http://5.75.203.123:5005/get_method?name=Lily&age=33,93,0,44
1687351805771,121,/get_method,200,OK,Thread Group_50 1-4,text,true,,186,149,12,12,http://5.75.203.123:5005/get_method?name=Lily&age=33,121,0,68
1687351805771,138,/get_method,200,OK,Thread Group_50 1-2,text,true,,186,149,13,13,http://5.75.203.123:5005/get_method?name=Lily&age=33,138,0,77
1687351805804,108,/get_method,200,OK,Thread Group_50 1-7,text,true,,186,149,13,13,http://5.75.203.123:5005/get_method?name=Lily&age=33,108,0,51
1687351805778,135,/get_method,200,OK,Thread Group_50 1-5,text,true,,186,149,13,13,http://5.75.203.123:5005/get_method?name=Lily&age=33,135,0,70
1687351805820,95,/get_method,200,OK,Thread Group_50 1-8,text,true,,186,149,13,13,http://5.75.203.123:5005/get_method?name=Lily&age=33,95,0,47
1687351805771,148,/get_method,200,OK,Thread Group_50 1-3,text,true,,186,149,13,13,http://5.75.203.123:5005/get_method?name=Lily&age=33,148,0,80
1687351805836,97,/get_method,200,OK,Thread Group_50 1-9,text,true,,186,149,14,14,http://5.75.203.123:5005/get_method?name=Lily&age=33,97,0,48
1687351805872,98,/get_method,200,OK,Thread Group_50 1-11,text,true,,186,149,16,16,http://5.75.203.123:5005/get_method?name=Lily&age=33,98,0,47
1687351805853,117,/get_method,200,OK,Thread Group_50 1-10,text,true,,186,149,16,16,http://5.75.203.123:5005/get_method?name=Lily&age=33,117,0,57
1687351805900,90,/user_info_3,200,OK,Thread Group_50 1-6,text,true,,381,246,17,17,http://5.75.203.123:5005/user_info_3,90,0,45
1687351805894,100,/user_info_3,200,OK,Thread Group_50 1-4,text,true,,381,246,17,17,http://5.75.203.123:5005/user_info_3,100,0,51
1687351805894,103,/get_method,200,OK,Thread Group_50 1-12,text,true,,186,149,17,17,http://5.75.203.123:5005/get_method?name=Lily&age=33,103,0,51
1687351805912,86,/user_info_3,200,OK,Thread Group_50 1-7,text,true,,381,246,17,17,http://5.75.203.123:5005/user_info_3,86,0,41
1687351805893,109,/user_info_3,200,OK,Thread Group_50 1-1,text,true,,381,246,17,17,http://5.75.203.123:5005/user_info_3,109,0,58
1687351805906,101,/get_method,200,OK,Thread Group_50 1-13,text,true,,186,149,17,17,http://5.75.203.123:5005/get_method?name=Lily&age=33,101,0,50
1687351805913,98,/user_info_3,200,OK,Thread Group_50 1-5,text,true,,381,246,18,18,http://5.75.203.123:5005/user_info_3,98,0,49
1687351805929,84,/get_method,200,OK,Thread Group_50 1-14,text,true,,186,149,18,18,http://5.75.203.123:5005/get_method?name=Lily&age=33,84,0,41
1687351805916,104,/user_info_3,200,OK,Thread Group_50 1-8,text,true,,381,246,18,18,http://5.75.203.123:5005/user_info_3,104,0,50
1687351805909,115,/user_info_3,200,OK,Thread Group_50 1-2,text,true,,381,246,18,18,http://5.75.203.123:5005/user_info_3,115,0,56
1687351805919,115,/user_info_3,200,OK,Thread Group_50 1-3,text,true,,381,246,19,19,http://5.75.203.123:5005/user_info_3,115,0,56
1687351805970,83,/user_info_3,200,OK,Thread Group_50 1-11,text,true,,381,246,20,20,http://5.75.203.123:5005/user_info_3,83,0,41
1687351805933,120,/user_info_3,200,OK,Thread Group_50 1-9,text,true,,381,246,20,20,http://5.75.203.123:5005/user_info_3,120,0,60
1687351805970,85,/user_info_3,200,OK,Thread Group_50 1-10,text,true,,381,246,20,20,http://5.75.203.123:5005/user_info_3,85,0,41
1687351805944,115,/get_method,200,OK,Thread Group_50 1-15,text,true,,186,149,20,20,http://5.75.203.123:5005/get_method?name=Lily&age=33,115,0,57
1687351805965,97,/get_method,200,OK,Thread Group_50 1-16,text,true,,186,149,20,20,http://5.75.203.123:5005/get_method?name=Lily&age=33,97,0,47
1687351805993,95,/user_info_2,200,OK,Thread Group_50 1-6,text,true,,473,246,22,22,http://5.75.203.123:5005/user_info_2,95,0,49
1687351805998,91,/user_info_3,200,OK,Thread Group_50 1-12,text,true,,381,246,22,22,http://5.75.203.123:5005/user_info_3,91,0,45
1687351806007,85,/user_info_3,200,OK,Thread Group_50 1-13,text,true,,381,246,22,22,http://5.75.203.123:5005/user_info_3,85,0,41
1687351805989,104,/get_method,200,OK,Thread Group_50 1-17,text,true,,186,149,22,22,http://5.75.203.123:5005/get_method?name=Lily&age=33,103,0,50
1687351806009,85,/get_method,200,OK,Thread Group_50 1-18,text,true,,186,149,22,22,http://5.75.203.123:5005/get_method?name=Lily&age=33,85,0,41
1687351805999,99,/user_info_2,200,OK,Thread Group_50 1-7,text,true,,473,246,22,22,http://5.75.203.123:5005/user_info_2,99,0,50
1687351806002,105,/user_info_2,200,OK,Thread Group_50 1-1,text,true,,473,246,23,23,http://5.75.203.123:5005/user_info_2,105,0,47
1687351805997,110,/user_info_2,200,OK,Thread Group_50 1-4,text,true,,473,246,23,23,http://5.75.203.123:5005/user_info_2,110,0,56
1687351806034,90,/user_info_2,200,OK,Thread Group_50 1-3,text,true,,473,246,23,23,http://5.75.203.123:5005/user_info_2,90,0,41
1687351806024,102,/user_info_2,200,OK,Thread Group_50 1-2,text,true,,473,246,24,24,http://5.75.203.123:5005/user_info_2,102,0,50
1687351806011,118,/user_info_2,200,OK,Thread Group_50 1-5,text,true,,473,246,24,24,http://5.75.203.123:5005/user_info_2,118,0,57
1687351806013,122,/user_info_3,200,OK,Thread Group_50 1-14,text,true,,381,246,24,24,http://5.75.203.123:5005/user_info_3,122,0,56
1687351806029,108,/get_method,200,OK,Thread Group_50 1-19,text,true,,186,149,24,24,http://5.75.203.123:5005/get_method?name=Lily&age=33,108,0,51
1687351806020,119,/user_info_2,200,OK,Thread Group_50 1-8,text,true,,473,246,24,24,http://5.75.203.123:5005/user_info_2,119,0,57
1687351806046,104,/get_method,200,OK,Thread Group_50 1-20,text,true,,186,149,25,25,http://5.75.203.123:5005/get_method?name=Lily&age=33,104,0,50
1687351806053,99,/user_info_2,200,OK,Thread Group_50 1-9,text,true,,473,246,25,25,http://5.75.203.123:5005/user_info_2,99,0,48
1687351806053,103,/user_info_2,200,OK,Thread Group_50 1-11,text,true,,473,246,25,25,http://5.75.203.123:5005/user_info_2,103,0,50
1687351806059,100,/user_info_3,200,OK,Thread Group_50 1-15,text,true,,381,246,25,25,http://5.75.203.123:5005/user_info_3,100,0,48
1687351806056,105,/user_info_2,200,OK,Thread Group_50 1-10,text,true,,473,246,25,25,http://5.75.203.123:5005/user_info_2,105,0,51
1687351806062,100,/user_info_3,200,OK,Thread Group_50 1-16,text,true,,381,246,25,25,http://5.75.203.123:5005/user_info_3,100,0,49
1687351806093,84,/user_info_3,200,OK,Thread Group_50 1-17,text,true,,381,246,26,26,http://5.75.203.123:5005/user_info_3,84,0,40
1687351806064,117,/get_method,200,OK,Thread Group_50 1-21,text,true,,186,149,26,26,http://5.75.203.123:5005/get_method?name=Lily&age=33,116,0,57
1687351806099,88,/object_info_1,200,OK,Thread Group_50 1-7,text,true,,259,162,27,27,http://5.75.203.123:5005/object_info_1?name=Lily&age=33&weight=58,88,0,43
1687351806092,103,/user_info_2,200,OK,Thread Group_50 1-13,text,true,,473,246,27,27,http://5.75.203.123:5005/user_info_2,103,0,47
1687351806101,96,/get_method,200,OK,Thread Group_50 1-23,text,true,,186,149,27,27,http://5.75.203.123:5005/get_method?name=Lily&age=33,96,0,47
1687351806090,109,/user_info_2,200,OK,Thread Group_50 1-12,text,true,,473,246,27,27,http://5.75.203.123:5005/user_info_2,109,0,52
1687351806085,119,/get_method,200,OK,Thread Group_50 1-22,text,true,,186,149,27,27,http://5.75.203.123:5005/get_method?name=Lily&age=33,119,0,55
1687351806094,110,/user_info_3,200,OK,Thread Group_50 1-18,text,true,,381,246,27,27,http://5.75.203.123:5005/user_info_3,110,0,50
1687351806108,100,/object_info_1,200,OK,Thread Group_50 1-1,text,true,,259,162,28,28,http://5.75.203.123:5005/object_info_1?name=Lily&age=33&weight=58,100,0,48
1687351806089,120,/object_info_1,200,OK,Thread Group_50 1-6,text,true,,259,162,28,28,http://5.75.203.123:5005/object_info_1?name=Lily&age=33&weight=58,120,0,61
1687351806108,102,/object_info_1,200,OK,Thread Group_50 1-4,text,true,,259,162,28,28,http://5.75.203.123:5005/object_info_1?name=Lily&age=33&weight=58,102,0,49
1687351806129,84,/object_info_1,200,OK,Thread Group_50 1-5,text,true,,259,162,28,28,http://5.75.203.123:5005/object_info_1?name=Lily&age=33&weight=58,84,0,42
1687351806135,85,/user_info_2,200,OK,Thread Group_50 1-14,text,true,,473,246,28,28,http://5.75.203.123:5005/user_info_2,85,0,42
1687351806152,83,/object_info_1,200,OK,Thread Group_50 1-9,text,true,,259,162,29,29,http://5.75.203.123:5005/object_info_1?name=Lily&age=33&weight=58,83,0,41
1687351806156,83,/object_info_1,200,OK,Thread Group_50 1-11,text,true,,259,162,29,29,http://5.75.203.123:5005/object_info_1?name=Lily&age=33&weight=58,83,0,42
1687351806124,116,/object_info_1,200,OK,Thread Group_50 1-3,text,true,,259,162,29,29,http://5.75.203.123:5005/object_info_1?name=Lily&age=33&weight=58,115,0,56
1687351806126,115,/object_info_1,200,OK,Thread Group_50 1-2,text,true,,259,162,29,29,http://5.75.203.123:5005/object_info_1?name=Lily&age=33&weight=58,115,0,57
1687351806139,106,/object_info_1,200,OK,Thread Group_50 1-8,text,true,,259,162,29,29,http://5.75.203.123:5005/object_info_1?name=Lily&age=33&weight=58,106,0,51
1687351806125,120,/get_method,200,OK,Thread Group_50 1-24,text,true,,186,149,29,29,http://5.75.203.123:5005/get_method?name=Lily&age=33,120,0,59
1687351806145,102,/get_method,200,OK,Thread Group_50 1-25,text,true,,186,149,29,29,http://5.75.203.123:5005/get_method?name=Lily&age=33,102,0,50
1687351806150,97,/user_info_3,200,OK,Thread Group_50 1-20,text,true,,381,246,29,29,http://5.75.203.123:5005/user_info_3,97,0,48
1687351806137,116,/user_info_3,200,OK,Thread Group_50 1-19,text,true,,381,246,30,30,http://5.75.203.123:5005/user_info_3,116,0,57
1687351806165,96,/get_method,200,OK,Thread Group_50 1-26,text,true,,186,149,30,30,http://5.75.203.123:5005/get_method?name=Lily&age=33,96,0,46
1687351806185,91,/get_method,200,OK,Thread Group_50 1-27,text,true,,186,149,31,31,http://5.75.203.123:5005/get_method?name=Lily&age=33,91,0,41
1687351806177,103,/user_info_2,200,OK,Thread Group_50 1-17,text,true,,473,246,31,31,http://5.75.203.123:5005/user_info_2,103,0,48
1687351806161,120,/object_info_1,200,OK,Thread Group_50 1-10,text,true,,259,162,31,31,http://5.75.203.123:5005/object_info_1?name=Lily&age=33&weight=58,120,0,57
1687351806159,123,/user_info_2,200,OK,Thread Group_50 1-15,text,true,,473,246,31,31,http://5.75.203.123:5005/user_info_2,123,0,57
1687351806199,86,/object_info_1,200,OK,Thread Group_50 1-12,text,true,,259,162,32,32,http://5.75.203.123:5005/object_info_1?name=Lily&age=33&weight=58,86,0,40
1687351806205,84,/get_method,200,OK,Thread Group_50 1-28,text,true,,186,149,32,32,http://5.75.203.123:5005/get_method?name=Lily&age=33,84,0,41
1687351806162,127,/user_info_2,200,OK,Thread Group_50 1-16,text,true,,473,246,32,32,http://5.75.203.123:5005/user_info_2,127,0,57
1687351806188,108,/object_info_2,200,OK,Thread Group_50 1-7,text,true,,473,164,32,32,http://5.75.203.123:5005/object_info_2?name=Lily&age=33&salary=1000,108,0,53
1687351806181,118,/user_info_3,200,OK,Thread Group_50 1-21,text,true,,381,246,32,32,http://5.75.203.123:5005/user_info_3,118,0,57
1687351806210,94,/object_info_2,200,OK,Thread Group_50 1-6,text,true,,473,164,32,32,http://5.75.203.123:5005/object_info_2?name=Lily&age=33&salary=1000,94,0,43
1687351806210,100,/object_info_2,200,OK,Thread Group_50 1-4,text,true,,473,164,33,33,http://5.75.203.123:5005/object_info_2?name=Lily&age=33&salary=1000,100,0,49
1687351806214,97,/object_info_2,200,OK,Thread Group_50 1-5,text,true,,473,164,33,33,http://5.75.203.123:5005/object_info_2?name=Lily&age=33&salary=1000,97,0,47
1687351806195,119,/object_info_1,200,OK,Thread Group_50 1-13,text,true,,259,162,33,33,http://5.75.203.123:5005/object_info_1?name=Lily&age=33&weight=58,119,0,57
1687351806204,112,/user_info_2,200,OK,Thread Group_50 1-18,text,true,,473,246,33,33,http://5.75.203.123:5005/user_info_2,112,0,50
1687351806197,120,/user_info_3,200,OK,Thread Group_50 1-23,text,true,,381,246,33,33,http://5.75.203.123:5005/user_info_3,120,0,56
1687351806235,83,/object_info_2,200,OK,Thread Group_50 1-9,text,true,,473,164,33,33,http://5.75.203.123:5005/object_info_2?name=Lily&age=33&salary=1000,83,0,42
1687351806225,96,/get_method,200,OK,Thread Group_50 1-29,text,true,,186,149,33,33,http://5.75.203.123:5005/get_method?name=Lily&age=33,96,0,47
1687351806204,118,/user_info_3,200,OK,Thread Group_50 1-22,text,true,,381,246,33,33,http://5.75.203.123:5005/user_info_3,118,0,57
1687351806240,83,/object_info_2,200,OK,Thread Group_50 1-3,text,true,,473,164,33,33,http://5.75.203.123:5005/object_info_2?name=Lily&age=33&salary=1000,83,0,41
1687351806220,105,/object_info_1,200,OK,Thread Group_50 1-14,text,true,,259,162,33,33,http://5.75.203.123:5005/object_info_1?name=Lily&age=33&weight=58,105,0,51
1687351806209,117,/object_info_2,200,OK,Thread Group_50 1-1,text,true,,473,164,33,33,http://5.75.203.123:5005/object_info_2?name=Lily&age=33&salary=1000,117,0,59
1687351806245,85,/user_info_3,200,OK,Thread Group_50 1-24,text,true,,381,246,34,34,http://5.75.203.123:5005/user_info_3,85,0,42
1687351806247,84,/user_info_2,200,OK,Thread Group_50 1-20,text,true,,473,246,34,34,http://5.75.203.123:5005/user_info_2,84,0,41
1687351806239,97,/object_info_2,200,OK,Thread Group_50 1-11,text,true,,473,164,34,34,http://5.75.203.123:5005/object_info_2?name=Lily&age=33&salary=1000,97,0,48
1687351806241,97,/object_info_2,200,OK,Thread Group_50 1-2,text,true,,473,164,34,34,http://5.75.203.123:5005/object_info_2?name=Lily&age=33&salary=1000,97,0,48
1687351806249,96,/get_method,200,OK,Thread Group_50 1-30,text,true,,186,149,34,34,http://5.75.203.123:5005/get_method?name=Lily&age=33,96,0,47
1687351806245,114,/object_info_2,200,OK,Thread Group_50 1-8,text,true,,473,164,35,35,http://5.75.203.123:5005/object_info_2?name=Lily&age=33&salary=1000,114,0,57
1687351806247,117,/user_info_3,200,OK,Thread Group_50 1-25,text,true,,381,246,35,35,http://5.75.203.123:5005/user_info_3,117,0,59
1687351806281,92,/object_info_2,200,OK,Thread Group_50 1-10,text,true,,473,164,36,36,http://5.75.203.123:5005/object_info_2?name=Lily&age=33&salary=1000,92,0,44
1687351806253,121,/user_info_2,200,OK,Thread Group_50 1-19,text,true,,473,246,36,36,http://5.75.203.123:5005/user_info_2,121,0,60
1687351806285,92,/get_method,200,OK,Thread Group_50 1-32,text,true,,186,149,36,36,http://5.75.203.123:5005/get_method?name=Lily&age=33,92,0,41
1687351806261,119,/user_info_3,200,OK,Thread Group_50 1-26,text,true,,381,246,36,36,http://5.75.203.123:5005/user_info_3,119,0,57
1687351806285,95,/object_info_2,200,OK,Thread Group_50 1-12,text,true,,473,164,36,36,http://5.75.203.123:5005/object_info_2?name=Lily&age=33&salary=1000,95,0,41
1687351806276,111,/user_info_3,200,OK,Thread Group_50 1-27,text,true,,381,246,37,37,http://5.75.203.123:5005/user_info_3,111,0,50
1687351806265,126,/get_method,200,OK,Thread Group_50 1-31,text,true,,186,149,37,37,http://5.75.203.123:5005/get_method?name=Lily&age=33,126,0,57
1687351806280,113,/object_info_1,200,OK,Thread Group_50 1-17,text,true,,259,162,37,37,http://5.75.203.123:5005/object_info_1?name=Lily&age=33&weight=58,113,0,55
1687351806290,103,/object_info_1,200,OK,Thread Group_50 1-16,text,true,,259,162,37,37,http://5.75.203.123:5005/object_info_1?name=Lily&age=33&weight=58,103,0,50
1687351806311,85,/object_info_3,200,OK,Thread Group_50 1-5,text,true,,532,164,37,37,http://5.75.203.123:5005/object_info_3?name=Lily&age=33&salary=1000,85,0,41
1687351806282,116,/object_info_1,200,OK,Thread Group_50 1-15,text,true,,259,162,37,37,http://5.75.203.123:5005/object_info_1?name=Lily&age=33&weight=58,116,0,57
1687351806306,95,/object_info_3,200,OK,Thread Group_50 1-6,text,true,,532,164,37,37,http://5.75.203.123:5005/object_info_3?name=Lily&age=33&salary=1000,95,0,46
1687351806311,94,/object_info_3,200,OK,Thread Group_50 1-4,text,true,,532,164,38,38,http://5.75.203.123:5005/object_info_3?name=Lily&age=33&salary=1000,94,0,41
1687351806299,107,/user_info_2,200,OK,Thread Group_50 1-21,text,true,,473,246,38,38,http://5.75.203.123:5005/user_info_2,107,0,52
1687351806325,85,/object_info_2,200,OK,Thread Group_50 1-14,text,true,,473,164,38,38,http://5.75.203.123:5005/object_info_2?name=Lily&age=33&salary=1000,85,0,41
1687351806289,124,/user_info_3,200,OK,Thread Group_50 1-28,text,true,,381,246,38,38,http://5.75.203.123:5005/user_info_3,124,0,58
1687351806314,99,/object_info_2,200,OK,Thread Group_50 1-13,text,true,,473,164,38,38,http://5.75.203.123:5005/object_info_2?name=Lily&age=33&salary=1000,99,0,47
1687351806327,88,/get_method,200,OK,Thread Group_50 1-34,text,true,,186,149,38,38,http://5.75.203.123:5005/get_method?name=Lily&age=33,88,0,41
1687351806316,102,/object_info_1,200,OK,Thread Group_50 1-18,text,true,,259,162,38,38,http://5.75.203.123:5005/object_info_1?name=Lily&age=33&weight=58,102,0,48
1687351806298,121,/object_info_3,200,OK,Thread Group_50 1-7,text,true,,532,164,38,38,http://5.75.203.123:5005/object_info_3?name=Lily&age=33&salary=1000,121,0,61
1687351806336,87,/object_info_3,200,OK,Thread Group_50 1-11,text,true,,532,164,38,38,http://5.75.203.123:5005/object_info_3?name=Lily&age=33&salary=1000,87,0,41
1687351806326,97,/object_info_3,200,OK,Thread Group_50 1-1,text,true,,532,164,38,38,http://5.75.203.123:5005/object_info_3?name=Lily&age=33&salary=1000,97,0,47
1687351806317,108,/user_info_2,200,OK,Thread Group_50 1-23,text,true,,473,246,38,38,http://5.75.203.123:5005/user_info_2,108,0,51
1687351806318,108,/object_info_3,200,OK,Thread Group_50 1-9,text,true,,532,164,39,39,http://5.75.203.123:5005/object_info_3?name=Lily&age=33&salary=1000,108,0,50
1687351806310,119,/get_method,200,OK,Thread Group_50 1-33,text,true,,186,149,39,39,http://5.75.203.123:5005/get_method?name=Lily&age=33,119,0,57
1687351806345,86,/user_info_3,200,OK,Thread Group_50 1-30,text,true,,381,246,39,39,http://5.75.203.123:5005/user_info_3,86,0,42
1687351806323,108,/object_info_3,200,OK,Thread Group_50 1-3,text,true,,532,164,39,39,http://5.75.203.123:5005/object_info_3?name=Lily&age=33&salary=1000,108,0,51
1687351806321,115,/user_info_3,200,OK,Thread Group_50 1-29,text,true,,381,246,39,39,http://5.75.203.123:5005/user_info_3,115,0,57
1687351806322,117,/user_info_2,200,OK,Thread Group_50 1-22,text,true,,473,246,39,39,http://5.75.203.123:5005/user_info_2,117,0,56
1687351806338,103,/object_info_3,200,OK,Thread Group_50 1-2,text,true,,532,164,39,39,http://5.75.203.123:5005/object_info_3?name=Lily&age=33&salary=1000,103,0,50
1687351806330,114,/user_info_2,200,OK,Thread Group_50 1-24,text,true,,473,246,39,39,http://5.75.203.123:5005/user_info_2,114,0,56
1687351806331,116,/object_info_1,200,OK,Thread Group_50 1-20,text,true,,259,162,40,40,http://5.75.203.123:5005/object_info_1?name=Lily&age=33&weight=58,116,0,56
1687351806349,103,/get_method,200,OK,Thread Group_50 1-35,text,true,,186,149,40,40,http://5.75.203.123:5005/get_method?name=Lily&age=33,103,0,50
1687351806369,85,/get_method,200,OK,Thread Group_50 1-36,text,true,,186,149,40,40,http://5.75.203.123:5005/get_method?name=Lily&age=33,85,0,40
1687351806361,97,/object_info_3,200,OK,Thread Group_50 1-8,text,true,,532,164,40,40,http://5.75.203.123:5005/object_info_3?name=Lily&age=33&salary=1000,97,0,47
1687351806380,85,/object_info_3,200,OK,Thread Group_50 1-12,text,true,,532,164,41,41,http://5.75.203.123:5005/object_info_3?name=Lily&age=33&salary=1000,85,0,42
1687351806386,87,/get_method,200,OK,Thread Group_50 1-37,text,true,,186,149,41,41,http://5.75.203.123:5005/get_method?name=Lily&age=33,87,0,42
1687351806387,88,/user_info_2,200,OK,Thread Group_50 1-27,text,true,,473,246,41,41,http://5.75.203.123:5005/user_info_2,88,0,42
1687351806374,105,/object_info_3,200,OK,Thread Group_50 1-10,text,true,,532,164,41,41,http://5.75.203.123:5005/object_info_3?name=Lily&age=33&salary=1000,105,0,48
1687351806380,99,/user_info_2,200,OK,Thread Group_50 1-26,text,true,,473,246,41,41,http://5.75.203.123:5005/user_info_2,99,0,48
1687351806374,106,/object_info_1,200,OK,Thread Group_50 1-19,text,true,,259,162,41,41,http://5.75.203.123:5005/object_info_1?name=Lily&age=33&weight=58,106,0,51
1687351806364,119,/user_info_2,200,OK,Thread Group_50 1-25,text,true,,473,246,41,41,http://5.75.203.123:5005/user_info_2,119,0,58
1687351806393,96,/object_info_2,200,OK,Thread Group_50 1-17,text,true,,473,164,42,42,http://5.75.203.123:5005/object_info_2?name=Lily&age=33&salary=1000,96,0,47
1687351806377,116,/user_info_3,200,OK,Thread Group_50 1-32,text,true,,381,246,42,42,http://5.75.203.123:5005/user_info_3,116,0,57
1687351806410,85,/object_info_3,200,OK,Thread Group_50 1-14,text,true,,532,164,42,42,http://5.75.203.123:5005/object_info_3?name=Lily&age=33&salary=1000,85,0,41
1687351806399,98,/object_info_2,200,OK,Thread Group_50 1-15,text,true,,473,164,42,42,http://5.75.203.123:5005/object_info_2?name=Lily&age=33&salary=1000,98,0,48
1687351806391,106,/user_info_3,200,OK,Thread Group_50 1-31,text,true,,381,246,42,42,http://5.75.203.123:5005/user_info_3,106,0,51
1687351806416,84,/user_info_3,200,OK,Thread Group_50 1-34,text,true,,381,246,42,42,http://5.75.203.123:5005/user_info_3,84,0,41
1687351806393,109,/object_info_2,200,OK,Thread Group_50 1-16,text,true,,473,164,42,42,http://5.75.203.123:5005/object_info_2?name=Lily&age=33&salary=1000,109,0,54
1687351806397,106,/object_info_4,200,OK,Thread Group_50 1-5,text,true,,251,164,42,42,http://5.75.203.123:5005/object_info_4?name=Lily&age=33&salary=1000,106,0,53
1687351806405,105,/get_method,200,OK,Thread Group_50 1-38,text,true,,186,149,42,42,http://5.75.203.123:5005/get_method?name=Lily&age=33,105,0,51
1687351806402,108,/object_info_4,200,OK,Thread Group_50 1-6,text,true,,251,164,42,42,http://5.75.203.123:5005/object_info_4?name=Lily&age=33&salary=1000,108,0,52
1687351806406,108,/object_info_4,200,OK,Thread Group_50 1-4,text,true,,251,164,41,41,http://5.75.203.123:5005/object_info_4?name=Lily&age=33&salary=1000,108,0,52
1687351806429,85,/user_info_3,200,OK,Thread Group_50 1-33,text,true,,381,246,41,41,http://5.75.203.123:5005/user_info_3,85,0,41
1687351806418,97,/object_info_2,200,OK,Thread Group_50 1-18,text,true,,473,164,40,40,http://5.75.203.123:5005/object_info_2?name=Lily&age=33&salary=1000,97,0,48
1687351806423,90,/object_info_4,200,OK,Thread Group_50 1-11,text,true,,251,164,42,42,http://5.75.203.123:5005/object_info_4?name=Lily&age=33&salary=1000,90,0,42
1687351806415,105,/object_info_3,200,OK,Thread Group_50 1-13,text,true,,532,164,39,39,http://5.75.203.123:5005/object_info_3?name=Lily&age=33&salary=1000,105,0,52
1687351806419,103,/object_info_4,200,OK,Thread Group_50 1-7,text,true,,251,164,39,39,http://5.75.203.123:5005/object_info_4?name=Lily&age=33&salary=1000,103,0,50
1687351806423,99,/object_info_4,200,OK,Thread Group_50 1-1,text,true,,251,164,38,38,http://5.75.203.123:5005/object_info_4?name=Lily&age=33&salary=1000,99,0,48
1687351806406,118,/object_info_1,200,OK,Thread Group_50 1-21,text,true,,259,162,37,37,http://5.75.203.123:5005/object_info_1?name=Lily&age=33&weight=58,118,0,57
1687351806436,89,/user_info_2,200,OK,Thread Group_50 1-29,text,true,,473,246,37,37,http://5.75.203.123:5005/user_info_2,89,0,43
1687351806425,104,/get_method,200,OK,Thread Group_50 1-39,text,true,,186,149,38,38,http://5.75.203.123:5005/get_method?name=Lily&age=33,104,0,51
1687351806413,116,/user_info_2,200,OK,Thread Group_50 1-28,text,true,,473,246,38,38,http://5.75.203.123:5005/user_info_2,116,0,56
1687351806444,86,/object_info_1,200,OK,Thread Group_50 1-24,text,true,,259,162,38,38,http://5.75.203.123:5005/object_info_1?name=Lily&age=33&weight=58,86,0,41
1687351806425,107,/object_info_1,200,OK,Thread Group_50 1-23,text,true,,259,162,38,38,http://5.75.203.123:5005/object_info_1?name=Lily&age=33&weight=58,107,0,52
1687351806426,107,/object_info_4,200,OK,Thread Group_50 1-9,text,true,,251,164,38,38,http://5.75.203.123:5005/object_info_4?name=Lily&age=33&salary=1000,107,0,53
1687351806431,103,/user_info_2,200,OK,Thread Group_50 1-30,text,true,,473,246,37,37,http://5.75.203.123:5005/user_info_2,103,0,50
1687351806452,84,/user_info_3,200,OK,Thread Group_50 1-35,text,true,,381,246,37,37,http://5.75.203.123:5005/user_info_3,84,0,42
1687351806439,104,/object_info_1,200,OK,Thread Group_50 1-22,text,true,,259,162,37,37,http://5.75.203.123:5005/object_info_1?name=Lily&age=33&weight=58,104,0,50
1687351806441,103,/object_info_4,200,OK,Thread Group_50 1-2,text,true,,251,164,38,38,http://5.75.203.123:5005/object_info_4?name=Lily&age=33&salary=1000,103,0,50
1687351806431,117,/object_info_4,200,OK,Thread Group_50 1-3,text,true,,251,164,37,37,http://5.75.203.123:5005/object_info_4?name=Lily&age=33&salary=1000,117,0,57
1687351806445,105,/get_method,200,OK,Thread Group_50 1-40,text,true,,186,149,36,36,http://5.75.203.123:5005/get_method?name=Lily&age=33,105,0,50
1687351806447,103,/object_info_2,200,OK,Thread Group_50 1-20,text,true,,473,164,36,36,http://5.75.203.123:5005/object_info_2?name=Lily&age=33&salary=1000,103,0,51
1687351806454,98,/user_info_3,200,OK,Thread Group_50 1-36,text,true,,381,246,36,36,http://5.75.203.123:5005/user_info_3,98,0,48
1687351806465,104,/get_method,200,OK,Thread Group_50 1-41,text,true,,186,149,37,37,http://5.75.203.123:5005/get_method?name=Lily&age=33,104,0,50
1687351806485,88,/get_method,200,OK,Thread Group_50 1-42,text,true,,186,149,37,37,http://5.75.203.123:5005/get_method?name=Lily&age=33,88,0,44
1687351806458,116,/object_info_4,200,OK,Thread Group_50 1-8,text,true,,251,164,37,37,http://5.75.203.123:5005/object_info_4?name=Lily&age=33&salary=1000,116,0,57
1687351806475,102,/object_info_1,200,OK,Thread Group_50 1-27,text,true,,259,162,36,36,http://5.75.203.123:5005/object_info_1?name=Lily&age=33&weight=58,102,0,50
1687351806479,100,/object_info_4,200,OK,Thread Group_50 1-10,text,true,,251,164,36,36,http://5.75.203.123:5005/object_info_4?name=Lily&age=33&salary=1000,100,0,47
1687351806479,100,/object_info_1,200,OK,Thread Group_50 1-26,text,true,,259,162,36,36,http://5.75.203.123:5005/object_info_1?name=Lily&age=33&weight=58,100,0,50
1687351806497,83,/user_info_2,200,OK,Thread Group_50 1-31,text,true,,473,246,35,35,http://5.75.203.123:5005/user_info_2,83,0,41
1687351806465,120,/object_info_4,200,OK,Thread Group_50 1-12,text,true,,251,164,35,35,http://5.75.203.123:5005/object_info_4?name=Lily&age=33&salary=1000,120,0,59
1687351806480,105,/object_info_2,200,OK,Thread Group_50 1-19,text,true,,473,164,34,34,http://5.75.203.123:5005/object_info_2?name=Lily&age=33&salary=1000,105,0,50
1687351806473,117,/user_info_3,200,OK,Thread Group_50 1-37,text,true,,381,246,35,35,http://5.75.203.123:5005/user_info_3,117,0,58
1687351806493,99,/user_info_2,200,OK,Thread Group_50 1-32,text,true,,473,246,35,35,http://5.75.203.123:5005/user_info_2,99,0,47
1687351806507,91,/get_method,200,OK,Thread Group_50 1-43,text,true,,186,149,35,35,http://5.75.203.123:5005/get_method?name=Lily&age=33,91,0,48
1687351806483,116,/object_info_1,200,OK,Thread Group_50 1-25,text,true,,259,162,35,35,http://5.75.203.123:5005/object_info_1?name=Lily&age=33&weight=58,116,0,56
1687351806502,98,/object_info_3,200,OK,Thread Group_50 1-16,text,true,,532,164,35,35,http://5.75.203.123:5005/object_info_3?name=Lily&age=33&salary=1000,98,0,48
1687351806489,116,/object_info_3,200,OK,Thread Group_50 1-17,text,true,,532,164,36,36,http://5.75.203.123:5005/object_info_3?name=Lily&age=33&salary=1000,116,0,58
1687351806515,96,/object_info_3,200,OK,Thread Group_50 1-18,text,true,,532,164,36,36,http://5.75.203.123:5005/object_info_3?name=Lily&age=33&salary=1000,96,0,48
1687351806495,119,/object_info_4,200,OK,Thread Group_50 1-14,text,true,,251,164,36,36,http://5.75.203.123:5005/object_info_4?name=Lily&age=33&salary=1000,119,0,56
1687351806525,90,/object_info_1,200,OK,Thread Group_50 1-29,text,true,,259,162,35,35,http://5.75.203.123:5005/object_info_1?name=Lily&age=33&weight=58,90,0,41
1687351806497,121,/object_info_3,200,OK,Thread Group_50 1-15,text,true,,532,164,35,35,http://5.75.203.123:5005/object_info_3?name=Lily&age=33&salary=1000,121,0,57
1687351806527,91,/get_method,200,OK,Thread Group_50 1-44,text,true,,186,149,35,35,http://5.75.203.123:5005/get_method?name=Lily&age=33,91,0,41
1687351806530,89,/object_info_1,200,OK,Thread Group_50 1-28,text,true,,259,162,35,35,http://5.75.203.123:5005/object_info_1?name=Lily&age=33&weight=58,89,0,43
1687351806510,109,/user_info_3,200,OK,Thread Group_50 1-38,text,true,,381,246,35,35,http://5.75.203.123:5005/user_info_3,109,0,52
1687351806524,98,/object_info_2,200,OK,Thread Group_50 1-21,text,true,,473,164,35,35,http://5.75.203.123:5005/object_info_2?name=Lily&age=33&salary=1000,98,0,49
1687351806500,123,/user_info_2,200,OK,Thread Group_50 1-34,text,true,,473,246,35,35,http://5.75.203.123:5005/user_info_2,123,0,57
1687351806520,103,/object_info_4,200,OK,Thread Group_50 1-13,text,true,,251,164,35,35,http://5.75.203.123:5005/object_info_4?name=Lily&age=33&salary=1000,103,0,53
1687351806530,100,/object_info_2,200,OK,Thread Group_50 1-24,text,true,,473,164,35,35,http://5.75.203.123:5005/object_info_2?name=Lily&age=33&salary=1000,100,0,49
1687351806534,98,/object_info_1,200,OK,Thread Group_50 1-30,text,true,,259,162,35,35,http://5.75.203.123:5005/object_info_1?name=Lily&age=33&weight=58,98,0,48
1687351806550,88,/user_info_3,200,OK,Thread Group_50 1-40,text,true,,381,246,35,35,http://5.75.203.123:5005/user_info_3,88,0,43
1687351806532,106,/object_info_2,200,OK,Thread Group_50 1-23,text,true,,473,164,35,35,http://5.75.203.123:5005/object_info_2?name=Lily&age=33&salary=1000,106,0,53
1687351806516,124,/user_info_2,200,OK,Thread Group_50 1-33,text,true,,473,246,35,35,http://5.75.203.123:5005/user_info_2,124,0,63
1687351806529,120,/user_info_3,200,OK,Thread Group_50 1-39,text,true,,381,246,36,36,http://5.75.203.123:5005/user_info_3,120,0,59
1687351806545,104,/get_method,200,OK,Thread Group_50 1-45,text,true,,186,149,36,36,http://5.75.203.123:5005/get_method?name=Lily&age=33,104,0,51
1687351806536,119,/user_info_2,200,OK,Thread Group_50 1-35,text,true,,473,246,36,36,http://5.75.203.123:5005/user_info_2,119,0,57
1687351806543,115,/object_info_2,200,OK,Thread Group_50 1-22,text,true,,473,164,36,36,http://5.75.203.123:5005/object_info_2?name=Lily&age=33&salary=1000,115,0,57
1687351806577,87,/object_info_2,200,OK,Thread Group_50 1-27,text,true,,473,164,36,36,http://5.75.203.123:5005/object_info_2?name=Lily&age=33&salary=1000,87,0,41
1687351806565,100,/get_method,200,OK,Thread Group_50 1-46,text,true,,186,149,36,36,http://5.75.203.123:5005/get_method?name=Lily&age=33,100,0,47
1687351806550,116,/object_info_3,200,OK,Thread Group_50 1-20,text,true,,532,164,36,36,http://5.75.203.123:5005/object_info_3?name=Lily&age=33&salary=1000,116,0,58
1687351806579,89,/object_info_2,200,OK,Thread Group_50 1-26,text,true,,473,164,36,36,http://5.75.203.123:5005/object_info_2?name=Lily&age=33&salary=1000,89,0,41
1687351806569,101,/user_info_3,200,OK,Thread Group_50 1-41,text,true,,381,246,36,36,http://5.75.203.123:5005/user_info_3,101,0,47
1687351806552,118,/user_info_2,200,OK,Thread Group_50 1-36,text,true,,473,246,36,36,http://5.75.203.123:5005/user_info_2,118,0,58
1687351806587,84,/get_method,200,OK,Thread Group_50 1-47,text,true,,186,149,36,36,http://5.75.203.123:5005/get_method?name=Lily&age=33,84,0,41
1687351806590,86,/user_info_2,200,OK,Thread Group_50 1-37,text,true,,473,246,36,36,http://5.75.203.123:5005/user_info_2,86,0,41
1687351806580,106,/object_info_1,200,OK,Thread Group_50 1-31,text,true,,259,162,36,36,http://5.75.203.123:5005/object_info_1?name=Lily&age=33&weight=58,106,0,51
1687351806598,89,/user_info_3,200,OK,Thread Group_50 1-43,text,true,,381,246,36,36,http://5.75.203.123:5005/user_info_3,89,0,41
1687351806599,89,/object_info_2,200,OK,Thread Group_50 1-25,text,true,,473,164,36,36,http://5.75.203.123:5005/object_info_2?name=Lily&age=33&salary=1000,89,0,41
1687351806585,105,/object_info_3,200,OK,Thread Group_50 1-19,text,true,,532,164,36,36,http://5.75.203.123:5005/object_info_3?name=Lily&age=33&salary=1000,105,0,51
1687351806592,100,/object_info_1,200,OK,Thread Group_50 1-32,text,true,,259,162,36,36,http://5.75.203.123:5005/object_info_1?name=Lily&age=33&weight=58,100,0,47
1687351806605,88,/get_method,200,OK,Thread Group_50 1-48,text,true,,186,149,36,36,http://5.75.203.123:5005/get_method?name=Lily&age=33,88,0,42
1687351806573,121,/user_info_3,200,OK,Thread Group_50 1-42,text,true,,381,246,36,36,http://5.75.203.123:5005/user_info_3,121,0,57
1687351806601,96,/object_info_4,200,OK,Thread Group_50 1-16,text,true,,251,164,36,36,http://5.75.203.123:5005/object_info_4?name=Lily&age=33&salary=1000,96,0,47
1687351806618,86,/object_info_4,200,OK,Thread Group_50 1-15,text,true,,251,164,35,35,http://5.75.203.123:5005/object_info_4?name=Lily&age=33&salary=1000,86,0,41
1687351806624,85,/get_method,200,OK,Thread Group_50 1-49,text,true,,186,149,34,34,http://5.75.203.123:5005/get_method?name=Lily&age=33,85,0,41
1687351806619,101,/object_info_2,200,OK,Thread Group_50 1-28,text,true,,473,164,34,34,http://5.75.203.123:5005/object_info_2?name=Lily&age=33&salary=1000,101,0,51
1687351806623,99,/object_info_1,200,OK,Thread Group_50 1-34,text,true,,259,162,34,34,http://5.75.203.123:5005/object_info_1?name=Lily&age=33&weight=58,99,0,47
1687351806638,88,/user_info_2,200,OK,Thread Group_50 1-40,text,true,,473,246,34,34,http://5.75.203.123:5005/user_info_2,87,0,40
1687351806618,108,/user_info_3,200,OK,Thread Group_50 1-44,text,true,,381,246,34,34,http://5.75.203.123:5005/user_info_3,108,0,52
1687351806605,121,/object_info_4,200,OK,Thread Group_50 1-17,text,true,,251,164,34,34,http://5.75.203.123:5005/object_info_4?name=Lily&age=33&salary=1000,121,0,58
1687351806638,88,/object_info_3,200,OK,Thread Group_50 1-23,text,true,,532,164,34,34,http://5.75.203.123:5005/object_info_3?name=Lily&age=33&salary=1000,88,0,40
1687351806611,116,/object_info_4,200,OK,Thread Group_50 1-18,text,true,,251,164,34,34,http://5.75.203.123:5005/object_info_4?name=Lily&age=33&salary=1000,116,0,56
1687351806622,105,/object_info_3,200,OK,Thread Group_50 1-21,text,true,,532,164,34,34,http://5.75.203.123:5005/object_info_3?name=Lily&age=33&salary=1000,105,0,48
1687351806630,101,/object_info_3,200,OK,Thread Group_50 1-24,text,true,,532,164,32,32,http://5.75.203.123:5005/object_info_3?name=Lily&age=33&salary=1000,101,0,48
1687351806632,100,/object_info_2,200,OK,Thread Group_50 1-30,text,true,,473,164,32,32,http://5.75.203.123:5005/object_info_2?name=Lily&age=33&salary=1000,100,0,47
1687351806615,123,/object_info_2,200,OK,Thread Group_50 1-29,text,true,,473,164,32,32,http://5.75.203.123:5005/object_info_2?name=Lily&age=33&salary=1000,123,0,57
1687351806619,122,/user_info_2,200,OK,Thread Group_50 1-38,text,true,,473,246,32,32,http://5.75.203.123:5005/user_info_2,122,0,59
1687351806645,96,/get_method,200,OK,Thread Group_50 1-50,text,true,,186,149,32,32,http://5.75.203.123:5005/get_method?name=Lily&age=33,96,0,47
1687351806649,103,/user_info_2,200,OK,Thread Group_50 1-39,text,true,,473,246,32,32,http://5.75.203.123:5005/user_info_2,103,0,50
1687351806655,100,/object_info_1,200,OK,Thread Group_50 1-35,text,true,,259,162,32,32,http://5.75.203.123:5005/object_info_1?name=Lily&age=33&weight=58,100,0,47
1687351806640,115,/object_info_1,200,OK,Thread Group_50 1-33,text,true,,259,162,32,32,http://5.75.203.123:5005/object_info_1?name=Lily&age=33&weight=58,115,0,56
1687351806668,88,/object_info_3,200,OK,Thread Group_50 1-26,text,true,,532,164,32,32,http://5.75.203.123:5005/object_info_3?name=Lily&age=33&salary=1000,88,0,41
1687351806670,91,/user_info_2,200,OK,Thread Group_50 1-41,text,true,,473,246,32,32,http://5.75.203.123:5005/user_info_2,91,0,42
1687351806670,93,/object_info_1,200,OK,Thread Group_50 1-36,text,true,,259,162,32,32,http://5.75.203.123:5005/object_info_1?name=Lily&age=33&weight=58,93,0,43
1687351806671,93,/user_info_3,200,OK,Thread Group_50 1-47,text,true,,381,246,32,32,http://5.75.203.123:5005/user_info_3,93,0,42
1687351806664,103,/object_info_3,200,OK,Thread Group_50 1-27,text,true,,532,164,32,32,http://5.75.203.123:5005/object_info_3?name=Lily&age=33&salary=1000,103,0,47
1687351806649,121,/user_info_3,200,OK,Thread Group_50 1-45,text,true,,381,246,32,32,http://5.75.203.123:5005/user_info_3,121,0,56
1687351806665,105,/user_info_3,200,OK,Thread Group_50 1-46,text,true,,381,246,32,32,http://5.75.203.123:5005/user_info_3,105,0,47
1687351806688,92,/object_info_3,200,OK,Thread Group_50 1-25,text,true,,532,164,32,32,http://5.75.203.123:5005/object_info_3?name=Lily&age=33&salary=1000,92,0,41
1687351806666,114,/object_info_4,200,OK,Thread Group_50 1-20,text,true,,251,164,32,32,http://5.75.203.123:5005/object_info_4?name=Lily&age=33&salary=1000,114,0,50
1687351806694,88,/user_info_2,200,OK,Thread Group_50 1-42,text,true,,473,246,31,31,http://5.75.203.123:5005/user_info_2,88,0,43
1687351806658,126,/object_info_3,200,OK,Thread Group_50 1-22,text,true,,532,164,31,31,http://5.75.203.123:5005/object_info_3?name=Lily&age=33&salary=1000,126,0,58
1687351806686,102,/object_info_2,200,OK,Thread Group_50 1-31,text,true,,473,164,31,31,http://5.75.203.123:5005/object_info_2?name=Lily&age=33&salary=1000,102,0,50
1687351806687,103,/user_info_2,200,OK,Thread Group_50 1-43,text,true,,473,246,31,31,http://5.75.203.123:5005/user_info_2,103,0,47
1687351806690,102,/object_info_4,200,OK,Thread Group_50 1-19,text,true,,251,164,31,31,http://5.75.203.123:5005/object_info_4?name=Lily&age=33&salary=1000,102,0,49
1687351806676,118,/object_info_1,200,OK,Thread Group_50 1-37,text,true,,259,162,30,30,http://5.75.203.123:5005/object_info_1?name=Lily&age=33&weight=58,118,0,58
1687351806692,104,/object_info_2,200,OK,Thread Group_50 1-32,text,true,,473,164,30,30,http://5.75.203.123:5005/object_info_2?name=Lily&age=33&salary=1000,104,0,50
1687351806722,84,/object_info_2,200,OK,Thread Group_50 1-34,text,true,,473,164,30,30,http://5.75.203.123:5005/object_info_2?name=Lily&age=33&salary=1000,84,0,40
1687351806726,84,/object_info_1,200,OK,Thread Group_50 1-40,text,true,,259,162,30,30,http://5.75.203.123:5005/object_info_1?name=Lily&age=33&weight=58,84,0,42
1687351806727,85,/object_info_4,200,OK,Thread Group_50 1-21,text,true,,251,164,30,30,http://5.75.203.123:5005/object_info_4?name=Lily&age=33&salary=1000,85,0,42
1687351806693,121,/user_info_3,200,OK,Thread Group_50 1-48,text,true,,381,246,29,29,http://5.75.203.123:5005/user_info_3,121,0,60
1687351806731,86,/object_info_4,200,OK,Thread Group_50 1-24,text,true,,251,164,29,29,http://5.75.203.123:5005/object_info_4?name=Lily&age=33&salary=1000,86,0,41
1687351806720,102,/object_info_3,200,OK,Thread Group_50 1-28,text,true,,532,164,28,28,http://5.75.203.123:5005/object_info_3?name=Lily&age=33&salary=1000,102,0,51
1687351806709,117,/user_info_3,200,OK,Thread Group_50 1-49,text,true,,381,246,28,28,http://5.75.203.123:5005/user_info_3,117,0,57
1687351806726,103,/user_info_2,200,OK,Thread Group_50 1-44,text,true,,473,246,28,28,http://5.75.203.123:5005/user_info_2,103,0,54
1687351806726,106,/object_info_4,200,OK,Thread Group_50 1-23,text,true,,251,164,28,28,http://5.75.203.123:5005/object_info_4?name=Lily&age=33&salary=1000,106,0,54
1687351806732,103,/object_info_3,200,OK,Thread Group_50 1-30,text,true,,532,164,27,27,http://5.75.203.123:5005/object_info_3?name=Lily&age=33&salary=1000,103,0,51
1687351806741,99,/user_info_3,200,OK,Thread Group_50 1-50,text,true,,381,246,27,27,http://5.75.203.123:5005/user_info_3,99,0,47
1687351806741,101,/object_info_1,200,OK,Thread Group_50 1-38,text,true,,259,162,27,27,http://5.75.203.123:5005/object_info_1?name=Lily&age=33&weight=58,101,0,47
1687351806764,85,/user_info_2,200,OK,Thread Group_50 1-47,text,true,,473,246,27,27,http://5.75.203.123:5005/user_info_2,85,0,41
1687351806755,95,/object_info_2,200,OK,Thread Group_50 1-35,text,true,,473,164,27,27,http://5.75.203.123:5005/object_info_2?name=Lily&age=33&salary=1000,95,0,47
1687351806738,117,/object_info_3,200,OK,Thread Group_50 1-29,text,true,,532,164,27,27,http://5.75.203.123:5005/object_info_3?name=Lily&age=33&salary=1000,117,0,57
1687351806770,86,/user_info_2,200,OK,Thread Group_50 1-45,text,true,,473,246,27,27,http://5.75.203.123:5005/user_info_2,86,0,42
1687351806752,104,/object_info_1,200,OK,Thread Group_50 1-39,text,true,,259,162,27,27,http://5.75.203.123:5005/object_info_1?name=Lily&age=33&weight=58,104,0,51
1687351806763,104,/object_info_2,200,OK,Thread Group_50 1-36,text,true,,473,164,27,27,http://5.75.203.123:5005/object_info_2?name=Lily&age=33&salary=1000,104,0,52
1687351806767,102,/object_info_4,200,OK,Thread Group_50 1-27,text,true,,251,164,27,27,http://5.75.203.123:5005/object_info_4?name=Lily&age=33&salary=1000,102,0,47
1687351806788,84,/object_info_3,200,OK,Thread Group_50 1-31,text,true,,532,164,26,26,http://5.75.203.123:5005/object_info_3?name=Lily&age=33&salary=1000,84,0,41
1687351806755,118,/object_info_2,200,OK,Thread Group_50 1-33,text,true,,473,164,26,26,http://5.75.203.123:5005/object_info_2?name=Lily&age=33&salary=1000,118,0,57
1687351806756,118,/object_info_4,200,OK,Thread Group_50 1-26,text,true,,251,164,26,26,http://5.75.203.123:5005/object_info_4?name=Lily&age=33&salary=1000,118,0,57
1687351806770,106,/user_info_2,200,OK,Thread Group_50 1-46,text,true,,473,246,25,25,http://5.75.203.123:5005/user_info_2,106,0,51
1687351806780,100,/object_info_4,200,OK,Thread Group_50 1-25,text,true,,251,164,25,25,http://5.75.203.123:5005/object_info_4?name=Lily&age=33&salary=1000,100,0,47
1687351806794,86,/object_info_2,200,OK,Thread Group_50 1-37,text,true,,473,164,24,24,http://5.75.203.123:5005/object_info_2?name=Lily&age=33&salary=1000,86,0,41
1687351806761,119,/object_info_1,200,OK,Thread Group_50 1-41,text,true,,259,162,24,24,http://5.75.203.123:5005/object_info_1?name=Lily&age=33&weight=58,119,0,57
1687351806784,101,/object_info_4,200,OK,Thread Group_50 1-22,text,true,,251,164,24,24,http://5.75.203.123:5005/object_info_4?name=Lily&age=33&salary=1000,101,0,47
1687351806782,103,/object_info_1,200,OK,Thread Group_50 1-42,text,true,,259,162,23,23,http://5.75.203.123:5005/object_info_1?name=Lily&age=33&weight=58,103,0,50
1687351806814,87,/user_info_2,200,OK,Thread Group_50 1-48,text,true,,473,246,23,23,http://5.75.203.123:5005/user_info_2,87,0,41
1687351806790,118,/object_info_1,200,OK,Thread Group_50 1-43,text,true,,259,162,23,23,http://5.75.203.123:5005/object_info_1?name=Lily&age=33&weight=58,118,0,57
1687351806822,87,/object_info_4,200,OK,Thread Group_50 1-28,text,true,,251,164,23,23,http://5.75.203.123:5005/object_info_4?name=Lily&age=33&salary=1000,87,0,40
1687351806810,100,/object_info_2,200,OK,Thread Group_50 1-40,text,true,,473,164,22,22,http://5.75.203.123:5005/object_info_2?name=Lily&age=33&salary=1000,100,0,48
1687351806826,86,/user_info_2,200,OK,Thread Group_50 1-49,text,true,,473,246,22,22,http://5.75.203.123:5005/user_info_2,86,0,41
1687351806806,107,/object_info_3,200,OK,Thread Group_50 1-34,text,true,,532,164,22,22,http://5.75.203.123:5005/object_info_3?name=Lily&age=33&salary=1000,107,0,51
1687351806796,119,/object_info_3,200,OK,Thread Group_50 1-32,text,true,,532,164,22,22,http://5.75.203.123:5005/object_info_3?name=Lily&age=33&salary=1000,119,0,59
1687351806835,89,/object_info_4,200,OK,Thread Group_50 1-30,text,true,,251,164,22,22,http://5.75.203.123:5005/object_info_4?name=Lily&age=33&salary=1000,89,0,45
1687351806851,83,/object_info_3,200,OK,Thread Group_50 1-35,text,true,,532,164,21,21,http://5.75.203.123:5005/object_info_3?name=Lily&age=33&salary=1000,83,0,40
1687351806842,98,/object_info_2,200,OK,Thread Group_50 1-38,text,true,,473,164,21,21,http://5.75.203.123:5005/object_info_2?name=Lily&age=33&salary=1000,98,0,47
1687351806855,86,/object_info_4,200,OK,Thread Group_50 1-29,text,true,,251,164,21,21,http://5.75.203.123:5005/object_info_4?name=Lily&age=33&salary=1000,86,0,41
1687351806830,116,/object_info_1,200,OK,Thread Group_50 1-44,text,true,,259,162,20,20,http://5.75.203.123:5005/object_info_1?name=Lily&age=33&weight=58,116,0,57
1687351806856,98,/object_info_2,200,OK,Thread Group_50 1-39,text,true,,473,164,20,20,http://5.75.203.123:5005/object_info_2?name=Lily&age=33&salary=1000,98,0,48
1687351806840,115,/user_info_2,200,OK,Thread Group_50 1-50,text,true,,473,246,20,20,http://5.75.203.123:5005/user_info_2,115,0,57
1687351806872,84,/object_info_4,200,OK,Thread Group_50 1-31,text,true,,251,164,20,20,http://5.75.203.123:5005/object_info_4?name=Lily&age=33&salary=1000,84,0,41
1687351806849,115,/object_info_1,200,OK,Thread Group_50 1-47,text,true,,259,162,19,19,http://5.75.203.123:5005/object_info_1?name=Lily&age=33&weight=58,115,0,55
1687351806880,86,/object_info_3,200,OK,Thread Group_50 1-37,text,true,,532,164,19,19,http://5.75.203.123:5005/object_info_3?name=Lily&age=33&salary=1000,86,0,42
1687351806873,96,/object_info_3,200,OK,Thread Group_50 1-33,text,true,,532,164,19,19,http://5.75.203.123:5005/object_info_3?name=Lily&age=33&salary=1000,96,0,47
1687351806856,117,/object_info_1,200,OK,Thread Group_50 1-45,text,true,,259,162,19,19,http://5.75.203.123:5005/object_info_1?name=Lily&age=33&weight=58,117,0,57
1687351806876,101,/object_info_1,200,OK,Thread Group_50 1-46,text,true,,259,162,19,19,http://5.75.203.123:5005/object_info_1?name=Lily&age=33&weight=58,101,0,50
1687351806885,99,/object_info_2,200,OK,Thread Group_50 1-42,text,true,,473,164,19,19,http://5.75.203.123:5005/object_info_2?name=Lily&age=33&salary=1000,99,0,47
1687351806867,117,/object_info_3,200,OK,Thread Group_50 1-36,text,true,,532,164,19,19,http://5.75.203.123:5005/object_info_3?name=Lily&age=33&salary=1000,117,0,57
1687351806901,83,/object_info_1,200,OK,Thread Group_50 1-48,text,true,,259,162,19,19,http://5.75.203.123:5005/object_info_1?name=Lily&age=33&weight=58,83,0,41
1687351806880,115,/object_info_2,200,OK,Thread Group_50 1-41,text,true,,473,164,19,19,http://5.75.203.123:5005/object_info_2?name=Lily&age=33&salary=1000,115,0,57
1687351806910,100,/object_info_3,200,OK,Thread Group_50 1-40,text,true,,532,164,19,19,http://5.75.203.123:5005/object_info_3?name=Lily&age=33&salary=1000,100,0,47
1687351806908,107,/object_info_2,200,OK,Thread Group_50 1-43,text,true,,473,164,19,19,http://5.75.203.123:5005/object_info_2?name=Lily&age=33&salary=1000,107,0,51
1687351806912,104,/object_info_1,200,OK,Thread Group_50 1-49,text,true,,259,162,19,19,http://5.75.203.123:5005/object_info_1?name=Lily&age=33&weight=58,104,0,50
1687351806915,107,/object_info_4,200,OK,Thread Group_50 1-32,text,true,,251,164,19,19,http://5.75.203.123:5005/object_info_4?name=Lily&age=33&salary=1000,107,0,51
1687351806935,89,/object_info_4,200,OK,Thread Group_50 1-35,text,true,,251,164,18,18,http://5.75.203.123:5005/object_info_4?name=Lily&age=33&salary=1000,88,0,42
1687351806946,85,/object_info_2,200,OK,Thread Group_50 1-44,text,true,,473,164,17,17,http://5.75.203.123:5005/object_info_2?name=Lily&age=33&salary=1000,85,0,41
1687351806913,119,/object_info_4,200,OK,Thread Group_50 1-34,text,true,,251,164,17,17,http://5.75.203.123:5005/object_info_4?name=Lily&age=33&salary=1000,119,0,57
1687351806940,103,/object_info_3,200,OK,Thread Group_50 1-38,text,true,,532,164,16,16,http://5.75.203.123:5005/object_info_3?name=Lily&age=33&salary=1000,103,0,51
1687351806964,86,/object_info_2,200,OK,Thread Group_50 1-47,text,true,,473,164,16,16,http://5.75.203.123:5005/object_info_2?name=Lily&age=33&salary=1000,86,0,40
1687351806966,87,/object_info_4,200,OK,Thread Group_50 1-37,text,true,,251,164,16,16,http://5.75.203.123:5005/object_info_4?name=Lily&age=33&salary=1000,87,0,40
1687351806969,101,/object_info_4,200,OK,Thread Group_50 1-33,text,true,,251,164,15,15,http://5.75.203.123:5005/object_info_4?name=Lily&age=33&salary=1000,101,0,48
1687351806954,117,/object_info_3,200,OK,Thread Group_50 1-39,text,true,,532,164,14,14,http://5.75.203.123:5005/object_info_3?name=Lily&age=33&salary=1000,117,0,56
1687351806984,90,/object_info_4,200,OK,Thread Group_50 1-36,text,true,,251,164,14,14,http://5.75.203.123:5005/object_info_4?name=Lily&age=33&salary=1000,90,0,42
1687351806955,120,/object_info_1,200,OK,Thread Group_50 1-50,text,true,,259,162,13,13,http://5.75.203.123:5005/object_info_1?name=Lily&age=33&weight=58,120,0,57
1687351806977,100,/object_info_2,200,OK,Thread Group_50 1-46,text,true,,473,164,13,13,http://5.75.203.123:5005/object_info_2?name=Lily&age=33&salary=1000,100,0,47
1687351806984,93,/object_info_3,200,OK,Thread Group_50 1-42,text,true,,532,164,13,13,http://5.75.203.123:5005/object_info_3?name=Lily&age=33&salary=1000,93,0,42
1687351806995,85,/object_info_3,200,OK,Thread Group_50 1-41,text,true,,532,164,13,13,http://5.75.203.123:5005/object_info_3?name=Lily&age=33&salary=1000,85,0,42
1687351806973,111,/object_info_2,200,OK,Thread Group_50 1-45,text,true,,473,164,13,13,http://5.75.203.123:5005/object_info_2?name=Lily&age=33&salary=1000,111,0,50
1687351806984,119,/object_info_2,200,OK,Thread Group_50 1-48,text,true,,473,164,13,13,http://5.75.203.123:5005/object_info_2?name=Lily&age=33&salary=1000,119,0,58
1687351807015,99,/object_info_3,200,OK,Thread Group_50 1-43,text,true,,532,164,13,13,http://5.75.203.123:5005/object_info_3?name=Lily&age=33&salary=1000,99,0,48
1687351807010,106,/object_info_4,200,OK,Thread Group_50 1-40,text,true,,251,164,13,13,http://5.75.203.123:5005/object_info_4?name=Lily&age=33&salary=1000,106,0,51
1687351807033,87,/object_info_3,200,OK,Thread Group_50 1-44,text,true,,532,164,12,12,http://5.75.203.123:5005/object_info_3?name=Lily&age=33&salary=1000,87,0,41
1687351807016,115,/object_info_2,200,OK,Thread Group_50 1-49,text,true,,473,164,12,12,http://5.75.203.123:5005/object_info_2?name=Lily&age=33&salary=1000,115,0,56
1687351807043,102,/object_info_4,200,OK,Thread Group_50 1-38,text,true,,251,164,12,12,http://5.75.203.123:5005/object_info_4?name=Lily&age=33&salary=1000,102,0,50
1687351807050,99,/object_info_3,200,OK,Thread Group_50 1-47,text,true,,532,164,11,11,http://5.75.203.123:5005/object_info_3?name=Lily&age=33&salary=1000,99,0,48
1687351807071,104,/object_info_4,200,OK,Thread Group_50 1-39,text,true,,251,164,11,11,http://5.75.203.123:5005/object_info_4?name=Lily&age=33&salary=1000,104,0,49
1687351807077,102,/object_info_3,200,OK,Thread Group_50 1-46,text,true,,532,164,10,10,http://5.75.203.123:5005/object_info_3?name=Lily&age=33&salary=1000,102,0,48
1687351807080,105,/object_info_4,200,OK,Thread Group_50 1-41,text,true,,251,164,10,10,http://5.75.203.123:5005/object_info_4?name=Lily&age=33&salary=1000,105,0,51
1687351807084,103,/object_info_3,200,OK,Thread Group_50 1-45,text,true,,532,164,9,9,http://5.75.203.123:5005/object_info_3?name=Lily&age=33&salary=1000,103,0,49
1687351807075,123,/object_info_2,200,OK,Thread Group_50 1-50,text,true,,473,164,9,9,http://5.75.203.123:5005/object_info_2?name=Lily&age=33&salary=1000,123,0,58
1687351807077,122,/object_info_4,200,OK,Thread Group_50 1-42,text,true,,251,164,9,9,http://5.75.203.123:5005/object_info_4?name=Lily&age=33&salary=1000,122,0,56
1687351807103,98,/object_info_3,200,OK,Thread Group_50 1-48,text,true,,532,164,8,8,http://5.75.203.123:5005/object_info_3?name=Lily&age=33&salary=1000,97,0,47
1687351807131,87,/object_info_3,200,OK,Thread Group_50 1-49,text,true,,532,164,8,8,http://5.75.203.123:5005/object_info_3?name=Lily&age=33&salary=1000,87,0,42
1687351807120,105,/object_info_4,200,OK,Thread Group_50 1-44,text,true,,251,164,8,8,http://5.75.203.123:5005/object_info_4?name=Lily&age=33&salary=1000,105,0,52
1687351807114,115,/object_info_4,200,OK,Thread Group_50 1-43,text,true,,251,164,7,7,http://5.75.203.123:5005/object_info_4?name=Lily&age=33&salary=1000,115,0,57
1687351807149,85,/object_info_4,200,OK,Thread Group_50 1-47,text,true,,251,164,6,6,http://5.75.203.123:5005/object_info_4?name=Lily&age=33&salary=1000,85,0,41
1687351807179,84,/object_info_4,200,OK,Thread Group_50 1-46,text,true,,251,164,5,5,http://5.75.203.123:5005/object_info_4?name=Lily&age=33&salary=1000,83,0,41
1687351807201,96,/object_info_4,200,OK,Thread Group_50 1-48,text,true,,251,164,4,4,http://5.75.203.123:5005/object_info_4?name=Lily&age=33&salary=1000,96,0,47
1687351807218,84,/object_info_4,200,OK,Thread Group_50 1-49,text,true,,251,164,3,3,http://5.75.203.123:5005/object_info_4?name=Lily&age=33&salary=1000,84,0,41
1687351807199,103,/object_info_3,200,OK,Thread Group_50 1-50,text,true,,532,164,2,2,http://5.75.203.123:5005/object_info_3?name=Lily&age=33&salary=1000,103,0,50
1687351807187,119,/object_info_4,200,OK,Thread Group_50 1-45,text,true,,251,164,2,2,http://5.75.203.123:5005/object_info_4?name=Lily&age=33&salary=1000,119,0,57
1687351807302,99,/object_info_4,200,OK,Thread Group_50 1-50,text,true,,251,164,1,1,http://5.75.203.123:5005/object_info_4?name=Lily&age=33&salary=1000,99,0,48
